<?xml version="1.0" encoding="UTF-8" standalone="no"?><configurationDescriptor version="62">
  <logicalFolder displayName="root" name="root" projectFiles="true">
    <logicalFolder displayName="Header Files" name="HeaderFiles" projectFiles="true">
      <itemPath>button_matrix/button.h</itemPath>
      <itemPath>main.h</itemPath>
      <itemPath>timer/timer.h</itemPath>
      <itemPath>interrupt/interrupt.h</itemPath>
      <itemPath>lcd/lcd.h</itemPath>
    </logicalFolder>
    <logicalFolder displayName="Linker Files" name="LinkerScript" projectFiles="true">
    </logicalFolder>
    <logicalFolder displayName="Source Files" name="SourceFiles" projectFiles="true">
      <itemPath>button_matrix/button.c</itemPath>
      <itemPath>main.c</itemPath>
      <itemPath>timer/timer.c</itemPath>
      <itemPath>interrupt/interrupt.c</itemPath>
      <itemPath>lcd/lcd.c</itemPath>
    </logicalFolder>
    <logicalFolder displayName="Important Files" name="ExternalFiles" projectFiles="false">
      <itemPath>Makefile</itemPath>
    </logicalFolder>
  </logicalFolder>
  <sourceRootList>
    <Elem>button_matrix</Elem>
    <Elem>timer</Elem>
    <Elem>interrupt</Elem>
    <Elem>lcd</Elem>
  </sourceRootList>
  <projectmakefile>Makefile</projectmakefile>
  <confs>
    <conf name="default" type="2">
      <toolsSet>
        <developmentServer>localhost</developmentServer>
        <targetDevice>PIC18F4620</targetDevice>
        <targetHeader/>
        <targetPluginBoard/>
        <platformTool>PICkit2PlatformTool</platformTool>
        <languageToolchain>MPASMWIN</languageToolchain>
        <languageToolchainVersion>5.66</languageToolchainVersion>
        <platform>3</platform>
      </toolsSet>
      <compileType>
        <linkerTool>
          <linkerLibItems>
          </linkerLibItems>
        </linkerTool>
        <archiverTool>
        </archiverTool>
        <loading>
          <useAlternateLoadableFile>false</useAlternateLoadableFile>
          <parseOnProdLoad>false</parseOnProdLoad>
          <alternateLoadableFile/>
        </loading>
      </compileType>
      <makeCustomizationType>
        <makeCustomizationPreStepEnabled>false</makeCustomizationPreStepEnabled>
        <makeCustomizationPreStep/>
        <makeCustomizationPostStepEnabled>false</makeCustomizationPostStepEnabled>
        <makeCustomizationPostStep/>
        <makeCustomizationPutChecksumInUserID>false</makeCustomizationPutChecksumInUserID>
        <makeCustomizationEnableLongLines>false</makeCustomizationEnableLongLines>
        <makeCustomizationNormalizeHexFile>false</makeCustomizationNormalizeHexFile>
      </makeCustomizationType>
      <C18>
        <property key="code-model" value="ms"/>
        <property key="data-model" value="oa-"/>
        <property key="default-char-unsigned" value="false"/>
        <property key="enable-all-optimizations" value="true"/>
        <property key="enable-int-promotion" value="false"/>
        <property key="enable-multi-bank-stack-model" value="false"/>
        <property key="enable-ob" value="true"/>
        <property key="enable-od" value="true"/>
        <property key="enable-om" value="true"/>
        <property key="enable-on" value="true"/>
        <property key="enable-op" value="true"/>
        <property key="enable-opa" value="true"/>
        <property key="enable-or" value="true"/>
        <property key="enable-os" value="true"/>
        <property key="enable-ot" value="true"/>
        <property key="enable-ou" value="true"/>
        <property key="enable-ow" value="true"/>
        <property key="extra-include-directories" value=""/>
        <property key="optimization-master" value="Enable all"/>
        <property key="preprocessor-macros" value=""/>
        <property key="procedural-abstraction-passes" value="4"/>
        <property key="storage-class" value="sca"/>
        <property key="verbose" value="false"/>
        <property key="warning-level" value="2"/>
      </C18>
      <C18-LD>
        <property key="cod-file" value="false"/>
        <property key="extra-lib-directories" value=""/>
        <property key="hex-output-format" value="INHX32"/>
        <property key="map-file" value="${DISTDIR}/${PROJECTNAME}.${IMAGE_TYPE}.map"/>
      </C18-LD>
      <C18LanguageToolchain>
        <property key="extended-mode" value="false"/>
        <property key="extended-mode-mcc18" value="false"/>
        <property key="extended-mode-mpasm" value="false"/>
        <property key="extended-mode-mplink" value="false"/>
        <property key="stack-analysis" value="false"/>
        <property key="stack-analysis-mcc18" value="false"/>
        <property key="stack-analysis-mplink" value="false"/>
      </C18LanguageToolchain>
      <MPASMWIN-AS>
        <property key="cross.reference.file" value=""/>
        <property key="default.radix" value="HEX"/>
        <property key="enable.case.sensitivity" value="true"/>
        <property key="hex.output.format" value="INHX32"/>
        <property key="preprocessor.macros" value=""/>
        <property key="warning.level" value="0"/>
      </MPASMWIN-AS>
      <MPASMWIN-LD>
        <property key="cod-file" value="false"/>
        <property key="extra-lib-directories" value=""/>
        <property key="hex-output-format" value="INHX32"/>
        <property key="map-file" value="${DISTDIR}/${PROJECTNAME}.${IMAGE_TYPE}.map"/>
      </MPASMWIN-LD>
      <PICkit2PlatformTool>
        <property key="pk2settings.3state" value="false"/>
        <property key="pk2settings.preserveee" value="false"/>
        <property key="pk2settings.setvddvoltage" value="5.00"/>
        <property key="pk2settings.userpgmexec" value="true"/>
        <property key="pk2settings.usetargetpower" value="false"/>
      </PICkit2PlatformTool>
      <mpasmsuite>
        <property key="absolute-mode" value="false"/>
        <property key="eeprom-width" value="8"/>
        <property key="extended-mode" value="false"/>
        <property key="extended-mode-mpasm" value="false"/>
        <property key="extended-mode-mplink" value="false"/>
      </mpasmsuite>
    </conf>
  </confs>
</configurationDescriptor>